Icon,Name
![Apricorn Black](./Items/Apricorn Black.png),Apricorn Black
![Apricorn Blue](./Items/Apricorn Blue.png),Apricorn Blue
![Apricorn Green](./Items/Apricorn Green.png),Apricorn Green
![Apricorn Pink](./Items/Apricorn Pink.png),Apricorn Pink
![Apricorn Red](./Items/Apricorn Red.png),Apricorn Red
![Apricorn White](./Items/Apricorn White.png),Apricorn White
![Apricorn Yellow](./Items/Apricorn Yellow.png),Apricorn Yellow
![Ball Beast](./Items/Ball Beast.png),Ball Beast
![Ball Cherish](./Items/Ball Cherish.png),Ball Cherish
![Ball Dive](./Items/Ball Dive.png),Ball Dive
![Ball Dream](./Items/Ball Dream.png),Ball Dream
![Ball Dusk](./Items/Ball Dusk.png),Ball Dusk
![Ball Fast](./Items/Ball Fast.png),Ball Fast
![Ball Friend](./Items/Ball Friend.png),Ball Friend
![Ball Great](./Items/Ball Great.png),Ball Great
![Ball Heal](./Items/Ball Heal.png),Ball Heal
![Ball Heavy](./Items/Ball Heavy.png),Ball Heavy
![Ball Level](./Items/Ball Level.png),Ball Level
![Ball Love](./Items/Ball Love.png),Ball Love
![Ball Lure](./Items/Ball Lure.png),Ball Lure
![Ball Luxury](./Items/Ball Luxury.png),Ball Luxury
![Ball Master](./Items/Ball Master.png),Ball Master
![Ball Moon](./Items/Ball Moon.png),Ball Moon
![Ball Nest](./Items/Ball Nest.png),Ball Nest
![Ball Net](./Items/Ball Net.png),Ball Net
![Ball Park](./Items/Ball Park.png),Ball Park
![Ball Poke](./Items/Ball Poke.png),Ball Poke
![Ball Premier](./Items/Ball Premier.png),Ball Premier
![Ball Quick](./Items/Ball Quick.png),Ball Quick
![Ball Repeat](./Items/Ball Repeat.png),Ball Repeat
![Ball Safari](./Items/Ball Safari.png),Ball Safari
![Ball Sport](./Items/Ball Sport.png),Ball Sport
![Ball Timer](./Items/Ball Timer.png),Ball Timer
![Ball Ultra](./Items/Ball Ultra.png),Ball Ultra
![Battle Item Dire Hit](./Items/Battle Item Dire Hit.png),Battle Item Dire Hit
![Battle Item Guard Spec](./Items/Battle Item Guard Spec.png),Battle Item Guard Spec
![Battle Item X Accuracy](./Items/Battle Item X Accuracy.png),Battle Item X Accuracy
![Battle Item X Attack](./Items/Battle Item X Attack.png),Battle Item X Attack
![Battle Item X Defense](./Items/Battle Item X Defense.png),Battle Item X Defense
![Battle Item X Sp Atk](./Items/Battle Item X Sp Atk.png),Battle Item X Sp Atk
![Battle Item X Sp Def](./Items/Battle Item X Sp Def.png),Battle Item X Sp Def
![Battle Item X Speed](./Items/Battle Item X Speed.png),Battle Item X Speed
![Berry Aguav](./Items/Berry Aguav.png),Berry Aguav
![Berry Apicot](./Items/Berry Apicot.png),Berry Apicot
![Berry Aspear](./Items/Berry Aspear.png),Berry Aspear
![Berry Babiri](./Items/Berry Babiri.png),Berry Babiri
![Berry Belue](./Items/Berry Belue.png),Berry Belue
![Berry Bluk](./Items/Berry Bluk.png),Berry Bluk
![Berry Charti](./Items/Berry Charti.png),Berry Charti
![Berry Cheri](./Items/Berry Cheri.png),Berry Cheri
![Berry Chesto](./Items/Berry Chesto.png),Berry Chesto
![Berry Chilan](./Items/Berry Chilan.png),Berry Chilan
![Berry Chople](./Items/Berry Chople.png),Berry Chople
![Berry Coba](./Items/Berry Coba.png),Berry Coba
![Berry Colbur](./Items/Berry Colbur.png),Berry Colbur
![Berry Cornn](./Items/Berry Cornn.png),Berry Cornn
![Berry Custap](./Items/Berry Custap.png),Berry Custap
![Berry Durin](./Items/Berry Durin.png),Berry Durin
![Berry Enigma](./Items/Berry Enigma.png),Berry Enigma
![Berry Figy](./Items/Berry Figy.png),Berry Figy
![Berry Ganlon](./Items/Berry Ganlon.png),Berry Ganlon
![Berry Grepa](./Items/Berry Grepa.png),Berry Grepa
![Berry Haban](./Items/Berry Haban.png),Berry Haban
![Berry Hondew](./Items/Berry Hondew.png),Berry Hondew
![Berry Iapapa](./Items/Berry Iapapa.png),Berry Iapapa
![Berry Jaboca](./Items/Berry Jaboca.png),Berry Jaboca
![Berry Kasib](./Items/Berry Kasib.png),Berry Kasib
![Berry Kebia](./Items/Berry Kebia.png),Berry Kebia
![Berry Kee](./Items/Berry Kee.png),Berry Kee
![Berry Kelpsy](./Items/Berry Kelpsy.png),Berry Kelpsy
![Berry Lansat](./Items/Berry Lansat.png),Berry Lansat
![Berry Leppa](./Items/Berry Leppa.png),Berry Leppa
![Berry Liechi](./Items/Berry Liechi.png),Berry Liechi
![Berry Lum](./Items/Berry Lum.png),Berry Lum
![Berry Mago](./Items/Berry Mago.png),Berry Mago
![Berry Magost](./Items/Berry Magost.png),Berry Magost
![Berry Maranga](./Items/Berry Maranga.png),Berry Maranga
![Berry Micle](./Items/Berry Micle.png),Berry Micle
![Berry Nanab](./Items/Berry Nanab.png),Berry Nanab
![Berry Nomel](./Items/Berry Nomel.png),Berry Nomel
![Berry Occa](./Items/Berry Occa.png),Berry Occa
![Berry Oran](./Items/Berry Oran.png),Berry Oran
![Berry Pamtre](./Items/Berry Pamtre.png),Berry Pamtre
![Berry Passho](./Items/Berry Passho.png),Berry Passho
![Berry Payapa](./Items/Berry Payapa.png),Berry Payapa
![Berry Pecha](./Items/Berry Pecha.png),Berry Pecha
![Berry Persim](./Items/Berry Persim.png),Berry Persim
![Berry Petaya](./Items/Berry Petaya.png),Berry Petaya
![Berry Pinap](./Items/Berry Pinap.png),Berry Pinap
![Berry Pomeg](./Items/Berry Pomeg.png),Berry Pomeg
![Berry Qualot](./Items/Berry Qualot.png),Berry Qualot
![Berry Rabuta](./Items/Berry Rabuta.png),Berry Rabuta
![Berry Rawst](./Items/Berry Rawst.png),Berry Rawst
![Berry Razz](./Items/Berry Razz.png),Berry Razz
![Berry Rindo](./Items/Berry Rindo.png),Berry Rindo
![Berry Roseli](./Items/Berry Roseli.png),Berry Roseli
![Berry Rowap](./Items/Berry Rowap.png),Berry Rowap
![Berry Salac](./Items/Berry Salac.png),Berry Salac
![Berry Shuca](./Items/Berry Shuca.png),Berry Shuca
![Berry Sitrus](./Items/Berry Sitrus.png),Berry Sitrus
![Berry Spelon](./Items/Berry Spelon.png),Berry Spelon
![Berry Starf](./Items/Berry Starf.png),Berry Starf
![Berry Tamato](./Items/Berry Tamato.png),Berry Tamato
![Berry Tanga](./Items/Berry Tanga.png),Berry Tanga
![Berry Wacan](./Items/Berry Wacan.png),Berry Wacan
![Berry Watmel](./Items/Berry Watmel.png),Berry Watmel
![Berry Wepear](./Items/Berry Wepear.png),Berry Wepear
![Berry Wiki](./Items/Berry Wiki.png),Berry Wiki
![Berry Yache](./Items/Berry Yache.png),Berry Yache
![Ev Candy Courage L](./Items/Ev Candy Courage L.png),Ev Candy Courage L
![Ev Candy Courage Xl](./Items/Ev Candy Courage Xl.png),Ev Candy Courage Xl
![Ev Candy Courage](./Items/Ev Candy Courage.png),Ev Candy Courage
![Ev Candy Health L](./Items/Ev Candy Health L.png),Ev Candy Health L
![Ev Candy Health Xl](./Items/Ev Candy Health Xl.png),Ev Candy Health Xl
![Ev Candy Health](./Items/Ev Candy Health.png),Ev Candy Health
![Ev Candy Mighty L](./Items/Ev Candy Mighty L.png),Ev Candy Mighty L
![Ev Candy Mighty Xl](./Items/Ev Candy Mighty Xl.png),Ev Candy Mighty Xl
![Ev Candy Mighty](./Items/Ev Candy Mighty.png),Ev Candy Mighty
![Ev Candy Quick L](./Items/Ev Candy Quick L.png),Ev Candy Quick L
![Ev Candy Quick Xl](./Items/Ev Candy Quick Xl.png),Ev Candy Quick Xl
![Ev Candy Quick](./Items/Ev Candy Quick.png),Ev Candy Quick
![Ev Candy Smart L](./Items/Ev Candy Smart L.png),Ev Candy Smart L
![Ev Candy Smart Xl](./Items/Ev Candy Smart Xl.png),Ev Candy Smart Xl
![Ev Candy Smart](./Items/Ev Candy Smart.png),Ev Candy Smart
![Ev Candy Tough L](./Items/Ev Candy Tough L.png),Ev Candy Tough L
![Ev Candy Tough Xl](./Items/Ev Candy Tough Xl.png),Ev Candy Tough Xl
![Ev Candy Tough](./Items/Ev Candy Tough.png),Ev Candy Tough
![Ev Item Macho Brace](./Items/Ev Item Macho Brace.png),Ev Item Macho Brace
![Ev Item Power Anklet](./Items/Ev Item Power Anklet.png),Ev Item Power Anklet
![Ev Item Power Band](./Items/Ev Item Power Band.png),Ev Item Power Band
![Ev Item Power Belt](./Items/Ev Item Power Belt.png),Ev Item Power Belt
![Ev Item Power Bracer](./Items/Ev Item Power Bracer.png),Ev Item Power Bracer
![Ev Item Power Weight](./Items/Ev Item Power Weight.png),Ev Item Power Weight
![Evo Item Dawn Stone](./Items/Evo Item Dawn Stone.png),Evo Item Dawn Stone
![Evo Item Deep Sea Scale](./Items/Evo Item Deep Sea Scale.png),Evo Item Deep Sea Scale
![Evo Item Deep Sea Tooth](./Items/Evo Item Deep Sea Tooth.png),Evo Item Deep Sea Tooth
![Evo Item Dragon Scale](./Items/Evo Item Dragon Scale.png),Evo Item Dragon Scale
![Evo Item Dubious Disc](./Items/Evo Item Dubious Disc.png),Evo Item Dubious Disc
![Evo Item Dusk Stone](./Items/Evo Item Dusk Stone.png),Evo Item Dusk Stone
![Evo Item Electirizer](./Items/Evo Item Electirizer.png),Evo Item Electirizer
![Evo Item Fire Stone](./Items/Evo Item Fire Stone.png),Evo Item Fire Stone
![Evo Item Ice Stone](./Items/Evo Item Ice Stone.png),Evo Item Ice Stone
![Evo Item Kings Rock](./Items/Evo Item Kings Rock.png),Evo Item Kings Rock
![Evo Item Leaf Stone](./Items/Evo Item Leaf Stone.png),Evo Item Leaf Stone
![Evo Item Love Sweet](./Items/Evo Item Love Sweet.png),Evo Item Love Sweet
![Evo Item Magmarizer](./Items/Evo Item Magmarizer.png),Evo Item Magmarizer
![Evo Item Metal Coat](./Items/Evo Item Metal Coat.png),Evo Item Metal Coat
![Evo Item Moon Stone](./Items/Evo Item Moon Stone.png),Evo Item Moon Stone
![Evo Item Oval Stone](./Items/Evo Item Oval Stone.png),Evo Item Oval Stone
![Evo Item Prism Scale](./Items/Evo Item Prism Scale.png),Evo Item Prism Scale
![Evo Item Protector](./Items/Evo Item Protector.png),Evo Item Protector
![Evo Item Razor Claw](./Items/Evo Item Razor Claw.png),Evo Item Razor Claw
![Evo Item Razor Fang](./Items/Evo Item Razor Fang.png),Evo Item Razor Fang
![Evo Item Reaper Cloth](./Items/Evo Item Reaper Cloth.png),Evo Item Reaper Cloth
![Evo Item Sachet](./Items/Evo Item Sachet.png),Evo Item Sachet
![Evo Item Shiny Stone](./Items/Evo Item Shiny Stone.png),Evo Item Shiny Stone
![Evo Item Sun Stone](./Items/Evo Item Sun Stone.png),Evo Item Sun Stone
![Evo Item Thunder Stone](./Items/Evo Item Thunder Stone.png),Evo Item Thunder Stone
![Evo Item Up Grade](./Items/Evo Item Up Grade.png),Evo Item Up Grade
![Evo Item Water Stone](./Items/Evo Item Water Stone.png),Evo Item Water Stone
![Evo Item Whipped Dream](./Items/Evo Item Whipped Dream.png),Evo Item Whipped Dream
![Flute Black](./Items/Flute Black.png),Flute Black
![Flute Blue](./Items/Flute Blue.png),Flute Blue
![Flute Red](./Items/Flute Red.png),Flute Red
![Flute White](./Items/Flute White.png),Flute White
![Flute Yellow](./Items/Flute Yellow.png),Flute Yellow
![Fossil Armor](./Items/Fossil Armor.png),Fossil Armor
![Fossil Claw](./Items/Fossil Claw.png),Fossil Claw
![Fossil Cover](./Items/Fossil Cover.png),Fossil Cover
![Fossil Dome](./Items/Fossil Dome.png),Fossil Dome
![Fossil Helix](./Items/Fossil Helix.png),Fossil Helix
![Fossil Jaw](./Items/Fossil Jaw.png),Fossil Jaw
![Fossil Old Amber](./Items/Fossil Old Amber.png),Fossil Old Amber
![Fossil Plume](./Items/Fossil Plume.png),Fossil Plume
![Fossil Root](./Items/Fossil Root.png),Fossil Root
![Fossil Sail](./Items/Fossil Sail.png),Fossil Sail
![Fossil Skull](./Items/Fossil Skull.png),Fossil Skull
![Gem Bug](./Items/Gem Bug.png),Gem Bug
![Gem Dark](./Items/Gem Dark.png),Gem Dark
![Gem Dragon](./Items/Gem Dragon.png),Gem Dragon
![Gem Electric](./Items/Gem Electric.png),Gem Electric
![Gem Fairy](./Items/Gem Fairy.png),Gem Fairy
![Gem Fighting](./Items/Gem Fighting.png),Gem Fighting
![Gem Fire](./Items/Gem Fire.png),Gem Fire
![Gem Flying](./Items/Gem Flying.png),Gem Flying
![Gem Ghost](./Items/Gem Ghost.png),Gem Ghost
![Gem Grass](./Items/Gem Grass.png),Gem Grass
![Gem Ground](./Items/Gem Ground.png),Gem Ground
![Gem Ice](./Items/Gem Ice.png),Gem Ice
![Gem Normal](./Items/Gem Normal.png),Gem Normal
![Gem Poison](./Items/Gem Poison.png),Gem Poison
![Gem Psychic](./Items/Gem Psychic.png),Gem Psychic
![Gem Rock](./Items/Gem Rock.png),Gem Rock
![Gem Steel](./Items/Gem Steel.png),Gem Steel
![Gem Water](./Items/Gem Water.png),Gem Water
![Hm Fighting](./Items/Hm Fighting.png),Hm Fighting
![Hm Flying](./Items/Hm Flying.png),Hm Flying
![Hm Normal](./Items/Hm Normal.png),Hm Normal
![Hm Water](./Items/Hm Water.png),Hm Water
![Hold Item Absorb Bulb](./Items/Hold Item Absorb Bulb.png),Hold Item Absorb Bulb
![Hold Item Adamant Orb](./Items/Hold Item Adamant Orb.png),Hold Item Adamant Orb
![Hold Item Adrenaline Orb](./Items/Hold Item Adrenaline Orb.png),Hold Item Adrenaline Orb
![Hold Item Air Balloon](./Items/Hold Item Air Balloon.png),Hold Item Air Balloon
![Hold Item Amulet Coin](./Items/Hold Item Amulet Coin.png),Hold Item Amulet Coin
![Hold Item Assault Vest](./Items/Hold Item Assault Vest.png),Hold Item Assault Vest
![Hold Item Big Root](./Items/Hold Item Big Root.png),Hold Item Big Root
![Hold Item Binding Band](./Items/Hold Item Binding Band.png),Hold Item Binding Band
![Hold Item Black Belt](./Items/Hold Item Black Belt.png),Hold Item Black Belt
![Hold Item Black Glasses](./Items/Hold Item Black Glasses.png),Hold Item Black Glasses
![Hold Item Black Sludge](./Items/Hold Item Black Sludge.png),Hold Item Black Sludge
![Hold Item Blue Orb](./Items/Hold Item Blue Orb.png),Hold Item Blue Orb
![Hold Item Bright Powder](./Items/Hold Item Bright Powder.png),Hold Item Bright Powder
![Hold Item Burn Drive](./Items/Hold Item Burn Drive.png),Hold Item Burn Drive
![Hold Item Cell Battery](./Items/Hold Item Cell Battery.png),Hold Item Cell Battery
![Hold Item Charcoal](./Items/Hold Item Charcoal.png),Hold Item Charcoal
![Hold Item Chill Drive](./Items/Hold Item Chill Drive.png),Hold Item Chill Drive
![Hold Item Choice Band](./Items/Hold Item Choice Band.png),Hold Item Choice Band
![Hold Item Choice Scarf](./Items/Hold Item Choice Scarf.png),Hold Item Choice Scarf
![Hold Item Choice Specs](./Items/Hold Item Choice Specs.png),Hold Item Choice Specs
![Hold Item Cleanse Tag](./Items/Hold Item Cleanse Tag.png),Hold Item Cleanse Tag
![Hold Item Damp Rock](./Items/Hold Item Damp Rock.png),Hold Item Damp Rock
![Hold Item Destiny Knot](./Items/Hold Item Destiny Knot.png),Hold Item Destiny Knot
![Hold Item Douse Drive](./Items/Hold Item Douse Drive.png),Hold Item Douse Drive
![Hold Item Dragon Fang](./Items/Hold Item Dragon Fang.png),Hold Item Dragon Fang
![Hold Item Eject Button](./Items/Hold Item Eject Button.png),Hold Item Eject Button
![Hold Item Electric Seed](./Items/Hold Item Electric Seed.png),Hold Item Electric Seed
![Hold Item Everstone](./Items/Hold Item Everstone.png),Hold Item Everstone
![Hold Item Eviolite](./Items/Hold Item Eviolite.png),Hold Item Eviolite
![Hold Item Expert Belt](./Items/Hold Item Expert Belt.png),Hold Item Expert Belt
![Hold Item Flame Orb](./Items/Hold Item Flame Orb.png),Hold Item Flame Orb
![Hold Item Float Stone](./Items/Hold Item Float Stone.png),Hold Item Float Stone
![Hold Item Focus Band](./Items/Hold Item Focus Band.png),Hold Item Focus Band
![Hold Item Focus Sash](./Items/Hold Item Focus Sash.png),Hold Item Focus Sash
![Hold Item Grassy Seed](./Items/Hold Item Grassy Seed.png),Hold Item Grassy Seed
![Hold Item Grip Claw](./Items/Hold Item Grip Claw.png),Hold Item Grip Claw
![Hold Item Griseous Orb](./Items/Hold Item Griseous Orb.png),Hold Item Griseous Orb
![Hold Item Hard Stone](./Items/Hold Item Hard Stone.png),Hold Item Hard Stone
![Hold Item Heat Rock](./Items/Hold Item Heat Rock.png),Hold Item Heat Rock
![Hold Item Icy Rock](./Items/Hold Item Icy Rock.png),Hold Item Icy Rock
![Hold Item Iron Ball](./Items/Hold Item Iron Ball.png),Hold Item Iron Ball
![Hold Item Kings Rock](./Items/Hold Item Kings Rock.png),Hold Item Kings Rock
![Hold Item Lagging Tail](./Items/Hold Item Lagging Tail.png),Hold Item Lagging Tail
![Hold Item Leftovers](./Items/Hold Item Leftovers.png),Hold Item Leftovers
![Hold Item Life Orb](./Items/Hold Item Life Orb.png),Hold Item Life Orb
![Hold Item Light Ball](./Items/Hold Item Light Ball.png),Hold Item Light Ball
![Hold Item Light Clay](./Items/Hold Item Light Clay.png),Hold Item Light Clay
![Hold Item Lucky Egg](./Items/Hold Item Lucky Egg.png),Hold Item Lucky Egg
![Hold Item Lucky Punch](./Items/Hold Item Lucky Punch.png),Hold Item Lucky Punch
![Hold Item Luminous Moss](./Items/Hold Item Luminous Moss.png),Hold Item Luminous Moss
![Hold Item Lustrous Orb](./Items/Hold Item Lustrous Orb.png),Hold Item Lustrous Orb
![Hold Item Magnet](./Items/Hold Item Magnet.png),Hold Item Magnet
![Hold Item Mental Herb](./Items/Hold Item Mental Herb.png),Hold Item Mental Herb
![Hold Item Metal Coat](./Items/Hold Item Metal Coat.png),Hold Item Metal Coat
![Hold Item Metal Powder](./Items/Hold Item Metal Powder.png),Hold Item Metal Powder
![Hold Item Metronome](./Items/Hold Item Metronome.png),Hold Item Metronome
![Hold Item Miracle Seed](./Items/Hold Item Miracle Seed.png),Hold Item Miracle Seed
![Hold Item Misty Seed](./Items/Hold Item Misty Seed.png),Hold Item Misty Seed
![Hold Item Muscle Band](./Items/Hold Item Muscle Band.png),Hold Item Muscle Band
![Hold Item Mystic Water](./Items/Hold Item Mystic Water.png),Hold Item Mystic Water
![Hold Item Never Melt Ice](./Items/Hold Item Never Melt Ice.png),Hold Item Never Melt Ice
![Hold Item Poison Barb](./Items/Hold Item Poison Barb.png),Hold Item Poison Barb
![Hold Item Power Herb](./Items/Hold Item Power Herb.png),Hold Item Power Herb
![Hold Item Power Lens](./Items/Hold Item Power Lens.png),Hold Item Power Lens
![Hold Item Protective Pads](./Items/Hold Item Protective Pads.png),Hold Item Protective Pads
![Hold Item Psychic Seed](./Items/Hold Item Psychic Seed.png),Hold Item Psychic Seed
![Hold Item Quick Claw](./Items/Hold Item Quick Claw.png),Hold Item Quick Claw
![Hold Item Quick Powder](./Items/Hold Item Quick Powder.png),Hold Item Quick Powder
![Hold Item Red Card](./Items/Hold Item Red Card.png),Hold Item Red Card
![Hold Item Red Orb](./Items/Hold Item Red Orb.png),Hold Item Red Orb
![Hold Item Ring Target](./Items/Hold Item Ring Target.png),Hold Item Ring Target
![Hold Item Rocky Helmet](./Items/Hold Item Rocky Helmet.png),Hold Item Rocky Helmet
![Hold Item Safety Goggles](./Items/Hold Item Safety Goggles.png),Hold Item Safety Goggles
![Hold Item Scope Lens](./Items/Hold Item Scope Lens.png),Hold Item Scope Lens
![Hold Item Sharp Beak](./Items/Hold Item Sharp Beak.png),Hold Item Sharp Beak
![Hold Item Shed Shell](./Items/Hold Item Shed Shell.png),Hold Item Shed Shell
![Hold Item Shell Bell](./Items/Hold Item Shell Bell.png),Hold Item Shell Bell
![Hold Item Shock Drive](./Items/Hold Item Shock Drive.png),Hold Item Shock Drive
![Hold Item Silk Scarf](./Items/Hold Item Silk Scarf.png),Hold Item Silk Scarf
![Hold Item Silver Powder](./Items/Hold Item Silver Powder.png),Hold Item Silver Powder
![Hold Item Smoke Ball](./Items/Hold Item Smoke Ball.png),Hold Item Smoke Ball
![Hold Item Smooth Rock](./Items/Hold Item Smooth Rock.png),Hold Item Smooth Rock
![Hold Item Snowball](./Items/Hold Item Snowball.png),Hold Item Snowball
![Hold Item Soft Sand](./Items/Hold Item Soft Sand.png),Hold Item Soft Sand
![Hold Item Soul Dew](./Items/Hold Item Soul Dew.png),Hold Item Soul Dew
![Hold Item Spell Tag](./Items/Hold Item Spell Tag.png),Hold Item Spell Tag
![Hold Item Stick](./Items/Hold Item Stick.png),Hold Item Stick
![Hold Item Sticky Barb](./Items/Hold Item Sticky Barb.png),Hold Item Sticky Barb
![Hold Item Terrain Extender](./Items/Hold Item Terrain Extender.png),Hold Item Terrain Extender
![Hold Item Thick Club](./Items/Hold Item Thick Club.png),Hold Item Thick Club
![Hold Item Toxic Orb](./Items/Hold Item Toxic Orb.png),Hold Item Toxic Orb
![Hold Item Twisted Spoon](./Items/Hold Item Twisted Spoon.png),Hold Item Twisted Spoon
![Hold Item White Herb](./Items/Hold Item White Herb.png),Hold Item White Herb
![Hold Item Wide Lens](./Items/Hold Item Wide Lens.png),Hold Item Wide Lens
![Hold Item Wise Glasses](./Items/Hold Item Wise Glasses.png),Hold Item Wise Glasses
![Hold Item Zoom Lens](./Items/Hold Item Zoom Lens.png),Hold Item Zoom Lens
![Incense Full](./Items/Incense Full.png),Incense Full
![Incense Lax](./Items/Incense Lax.png),Incense Lax
![Incense Luck](./Items/Incense Luck.png),Incense Luck
![Incense Odd](./Items/Incense Odd.png),Incense Odd
![Incense Pure](./Items/Incense Pure.png),Incense Pure
![Incense Rock](./Items/Incense Rock.png),Incense Rock
![Incense Rose](./Items/Incense Rose.png),Incense Rose
![Incense Sea](./Items/Incense Sea.png),Incense Sea
![Incense Wave](./Items/Incense Wave.png),Incense Wave
![Key Item Acro Bike](./Items/Key Item Acro Bike.png),Key Item Acro Bike
![Key Item Adventure Guide](./Items/Key Item Adventure Guide.png),Key Item Adventure Guide
![Key Item Adventure Rules](./Items/Key Item Adventure Rules.png),Key Item Adventure Rules
![Key Item Apricorn Box](./Items/Key Item Apricorn Box.png),Key Item Apricorn Box
![Key Item Aqua Suit](./Items/Key Item Aqua Suit.png),Key Item Aqua Suit
![Key Item Auroraticket](./Items/Key Item Auroraticket.png),Key Item Auroraticket
![Key Item Autograph](./Items/Key Item Autograph.png),Key Item Autograph
![Key Item Azure Flute](./Items/Key Item Azure Flute.png),Key Item Azure Flute
![Key Item Band Autograph](./Items/Key Item Band Autograph.png),Key Item Band Autograph
![Key Item Basement Key Goldenrod](./Items/Key Item Basement Key Goldenrod.png),Key Item Basement Key Goldenrod
![Key Item Basement Key New Mauville](./Items/Key Item Basement Key New Mauville.png),Key Item Basement Key New Mauville
![Key Item Basement Key](./Items/Key Item Basement Key.png),Key Item Basement Key
![Key Item Berry Pots](./Items/Key Item Berry Pots.png),Key Item Berry Pots
![Key Item Berry Pouch](./Items/Key Item Berry Pouch.png),Key Item Berry Pouch
![Key Item Bicycle](./Items/Key Item Bicycle.png),Key Item Bicycle
![Key Item Bike Green](./Items/Key Item Bike Green.png),Key Item Bike Green
![Key Item Bike Voucher](./Items/Key Item Bike Voucher.png),Key Item Bike Voucher
![Key Item Bike Yellow](./Items/Key Item Bike Yellow.png),Key Item Bike Yellow
![Key Item Blue Card](./Items/Key Item Blue Card.png),Key Item Blue Card
![Key Item Blue Orb Gen3](./Items/Key Item Blue Orb Gen3.png),Key Item Blue Orb Gen3
![Key Item Blue Orb Gen4](./Items/Key Item Blue Orb Gen4.png),Key Item Blue Orb Gen4
![Key Item Card Key Gen3](./Items/Key Item Card Key Gen3.png),Key Item Card Key Gen3
![Key Item Card Key](./Items/Key Item Card Key.png),Key Item Card Key
![Key Item Clear Bell](./Items/Key Item Clear Bell.png),Key Item Clear Bell
![Key Item Coin Case](./Items/Key Item Coin Case.png),Key Item Coin Case
![Key Item Colress Machine](./Items/Key Item Colress Machine.png),Key Item Colress Machine
![Key Item Common Stone](./Items/Key Item Common Stone.png),Key Item Common Stone
![Key Item Contest Costume Dress](./Items/Key Item Contest Costume Dress.png),Key Item Contest Costume Dress
![Key Item Contest Costume Jacket](./Items/Key Item Contest Costume Jacket.png),Key Item Contest Costume Jacket
![Key Item Contest Pass](./Items/Key Item Contest Pass.png),Key Item Contest Pass
![Key Item Coupon 1](./Items/Key Item Coupon 1.png),Key Item Coupon 1
![Key Item Coupon 2](./Items/Key Item Coupon 2.png),Key Item Coupon 2
![Key Item Coupon 3](./Items/Key Item Coupon 3.png),Key Item Coupon 3
![Key Item Dark Stone](./Items/Key Item Dark Stone.png),Key Item Dark Stone
![Key Item Data Card](./Items/Key Item Data Card.png),Key Item Data Card
![Key Item Devon Goods](./Items/Key Item Devon Goods.png),Key Item Devon Goods
![Key Item Devon Parts](./Items/Key Item Devon Parts.png),Key Item Devon Parts
![Key Item Devon Scope Gen3](./Items/Key Item Devon Scope Gen3.png),Key Item Devon Scope Gen3
![Key Item Devon Scope](./Items/Key Item Devon Scope.png),Key Item Devon Scope
![Key Item Devon Scuba Gear](./Items/Key Item Devon Scuba Gear.png),Key Item Devon Scuba Gear
![Key Item Dna Splicers](./Items/Key Item Dna Splicers.png),Key Item Dna Splicers
![Key Item Dowsing Machine Gen3](./Items/Key Item Dowsing Machine Gen3.png),Key Item Dowsing Machine Gen3
![Key Item Dowsing Machine Gen4](./Items/Key Item Dowsing Machine Gen4.png),Key Item Dowsing Machine Gen4
![Key Item Dowsing Machine Gen5](./Items/Key Item Dowsing Machine Gen5.png),Key Item Dowsing Machine Gen5
![Key Item Dowsing Machine Xy](./Items/Key Item Dowsing Machine Xy.png),Key Item Dowsing Machine Xy
![Key Item Dowsing Machine](./Items/Key Item Dowsing Machine.png),Key Item Dowsing Machine
![Key Item Dragon Skull](./Items/Key Item Dragon Skull.png),Key Item Dragon Skull
![Key Item Dropped Item Red](./Items/Key Item Dropped Item Red.png),Key Item Dropped Item Red
![Key Item Dropped Item Yellow](./Items/Key Item Dropped Item Yellow.png),Key Item Dropped Item Yellow
![Key Item Dropped Item](./Items/Key Item Dropped Item.png),Key Item Dropped Item
![Key Item Elevator Key](./Items/Key Item Elevator Key.png),Key Item Elevator Key
![Key Item Enigma Stone](./Items/Key Item Enigma Stone.png),Key Item Enigma Stone
![Key Item Enigmatic Card](./Items/Key Item Enigmatic Card.png),Key Item Enigmatic Card
![Key Item Eon Flute](./Items/Key Item Eon Flute.png),Key Item Eon Flute
![Key Item Eon Ticket](./Items/Key Item Eon Ticket.png),Key Item Eon Ticket
![Key Item Exp Share](./Items/Key Item Exp Share.png),Key Item Exp Share
![Key Item Explorer Kit](./Items/Key Item Explorer Kit.png),Key Item Explorer Kit
![Key Item Fame Checker](./Items/Key Item Fame Checker.png),Key Item Fame Checker
![Key Item Fashion Case](./Items/Key Item Fashion Case.png),Key Item Fashion Case
![Key Item Festival Ticket](./Items/Key Item Festival Ticket.png),Key Item Festival Ticket
![Key Item Fishing Rod Gen7](./Items/Key Item Fishing Rod Gen7.png),Key Item Fishing Rod Gen7
![Key Item Fishing Rod](./Items/Key Item Fishing Rod.png),Key Item Fishing Rod
![Key Item Forage Bag](./Items/Key Item Forage Bag.png),Key Item Forage Bag
![Key Item Galactic Key](./Items/Key Item Galactic Key.png),Key Item Galactic Key
![Key Item Gb Sounds](./Items/Key Item Gb Sounds.png),Key Item Gb Sounds
![Key Item Go Goggles Gen3](./Items/Key Item Go Goggles Gen3.png),Key Item Go Goggles Gen3
![Key Item Go Goggles](./Items/Key Item Go Goggles.png),Key Item Go Goggles
![Key Item God Stone](./Items/Key Item God Stone.png),Key Item God Stone
![Key Item Gold Teeth Gen3](./Items/Key Item Gold Teeth Gen3.png),Key Item Gold Teeth Gen3
![Key Item Gold Teeth](./Items/Key Item Gold Teeth.png),Key Item Gold Teeth
![Key Item Good Rod](./Items/Key Item Good Rod.png),Key Item Good Rod
![Key Item Gracidea](./Items/Key Item Gracidea.png),Key Item Gracidea
![Key Item Gram 1](./Items/Key Item Gram 1.png),Key Item Gram 1
![Key Item Gram 2](./Items/Key Item Gram 2.png),Key Item Gram 2
![Key Item Gram 3](./Items/Key Item Gram 3.png),Key Item Gram 3
![Key Item Grubby Hanky](./Items/Key Item Grubby Hanky.png),Key Item Grubby Hanky
![Key Item Holo Caster Green](./Items/Key Item Holo Caster Green.png),Key Item Holo Caster Green
![Key Item Holo Caster Red](./Items/Key Item Holo Caster Red.png),Key Item Holo Caster Red
![Key Item Holo Caster](./Items/Key Item Holo Caster.png),Key Item Holo Caster
![Key Item Honor Of Kalos](./Items/Key Item Honor Of Kalos.png),Key Item Honor Of Kalos
![Key Item Intriguing Stone](./Items/Key Item Intriguing Stone.png),Key Item Intriguing Stone
![Key Item Jade Orb](./Items/Key Item Jade Orb.png),Key Item Jade Orb
![Key Item Journal](./Items/Key Item Journal.png),Key Item Journal
![Key Item Key Stone Gen6](./Items/Key Item Key Stone Gen6.png),Key Item Key Stone Gen6
![Key Item Key Stone](./Items/Key Item Key Stone.png),Key Item Key Stone
![Key Item Key To Room 1](./Items/Key Item Key To Room 1.png),Key Item Key To Room 1
![Key Item Key To Room 2](./Items/Key Item Key To Room 2.png),Key Item Key To Room 2
![Key Item Key To Room 4](./Items/Key Item Key To Room 4.png),Key Item Key To Room 4
![Key Item Key To Room 6](./Items/Key Item Key To Room 6.png),Key Item Key To Room 6
![Key Item Lens Case](./Items/Key Item Lens Case.png),Key Item Lens Case
![Key Item Letter](./Items/Key Item Letter.png),Key Item Letter
![Key Item Liberty Pass](./Items/Key Item Liberty Pass.png),Key Item Liberty Pass
![Key Item Lift Key Gen3](./Items/Key Item Lift Key Gen3.png),Key Item Lift Key Gen3
![Key Item Lift Key](./Items/Key Item Lift Key.png),Key Item Lift Key
![Key Item Light Stone](./Items/Key Item Light Stone.png),Key Item Light Stone
![Key Item Lock Capsule Gen4](./Items/Key Item Lock Capsule Gen4.png),Key Item Lock Capsule Gen4
![Key Item Lock Capsule](./Items/Key Item Lock Capsule.png),Key Item Lock Capsule
![Key Item Looker Ticket](./Items/Key Item Looker Ticket.png),Key Item Looker Ticket
![Key Item Loot Sack](./Items/Key Item Loot Sack.png),Key Item Loot Sack
![Key Item Lost Item Mimejr](./Items/Key Item Lost Item Mimejr.png),Key Item Lost Item Mimejr
![Key Item Lost Item](./Items/Key Item Lost Item.png),Key Item Lost Item
![Key Item Lunar Wing](./Items/Key Item Lunar Wing.png),Key Item Lunar Wing
![Key Item Mach Bike Gen3](./Items/Key Item Mach Bike Gen3.png),Key Item Mach Bike Gen3
![Key Item Mach Bike](./Items/Key Item Mach Bike.png),Key Item Mach Bike
![Key Item Machine Part](./Items/Key Item Machine Part.png),Key Item Machine Part
![Key Item Magma Emblem](./Items/Key Item Magma Emblem.png),Key Item Magma Emblem
![Key Item Magma Stone](./Items/Key Item Magma Stone.png),Key Item Magma Stone
![Key Item Magma Suit](./Items/Key Item Magma Suit.png),Key Item Magma Suit
![Key Item Makeup Bag](./Items/Key Item Makeup Bag.png),Key Item Makeup Bag
![Key Item Medal Box](./Items/Key Item Medal Box.png),Key Item Medal Box
![Key Item Mega Bracelet](./Items/Key Item Mega Bracelet.png),Key Item Mega Bracelet
![Key Item Mega Charm](./Items/Key Item Mega Charm.png),Key Item Mega Charm
![Key Item Mega Cuff](./Items/Key Item Mega Cuff.png),Key Item Mega Cuff
![Key Item Mega Ring](./Items/Key Item Mega Ring.png),Key Item Mega Ring
![Key Item Member Card](./Items/Key Item Member Card.png),Key Item Member Card
![Key Item Meteorite 2](./Items/Key Item Meteorite 2.png),Key Item Meteorite 2
![Key Item Meteorite 3](./Items/Key Item Meteorite 3.png),Key Item Meteorite 3
![Key Item Meteorite 4](./Items/Key Item Meteorite 4.png),Key Item Meteorite 4
![Key Item Meteorite Shard](./Items/Key Item Meteorite Shard.png),Key Item Meteorite Shard
![Key Item Meteorite](./Items/Key Item Meteorite.png),Key Item Meteorite
![Key Item Moon Flute](./Items/Key Item Moon Flute.png),Key Item Moon Flute
![Key Item Mystery Egg](./Items/Key Item Mystery Egg.png),Key Item Mystery Egg
![Key Item Mysticticket](./Items/Key Item Mysticticket.png),Key Item Mysticticket
![Key Item N Lunarizer](./Items/Key Item N Lunarizer.png),Key Item N Lunarizer
![Key Item N Solarizer](./Items/Key Item N Solarizer.png),Key Item N Solarizer
![Key Item Oaks Letter](./Items/Key Item Oaks Letter.png),Key Item Oaks Letter
![Key Item Oaks Parcel](./Items/Key Item Oaks Parcel.png),Key Item Oaks Parcel
![Key Item Old Amber](./Items/Key Item Old Amber.png),Key Item Old Amber
![Key Item Old Charm](./Items/Key Item Old Charm.png),Key Item Old Charm
![Key Item Old Rod](./Items/Key Item Old Rod.png),Key Item Old Rod
![Key Item Old Sea Map](./Items/Key Item Old Sea Map.png),Key Item Old Sea Map
![Key Item Oval Charm](./Items/Key Item Oval Charm.png),Key Item Oval Charm
![Key Item Pair Of Tickets](./Items/Key Item Pair Of Tickets.png),Key Item Pair Of Tickets
![Key Item Pal Pad](./Items/Key Item Pal Pad.png),Key Item Pal Pad
![Key Item Parcel](./Items/Key Item Parcel.png),Key Item Parcel
![Key Item Pass](./Items/Key Item Pass.png),Key Item Pass
![Key Item Permit](./Items/Key Item Permit.png),Key Item Permit
![Key Item Photo Album](./Items/Key Item Photo Album.png),Key Item Photo Album
![Key Item Plasma Card](./Items/Key Item Plasma Card.png),Key Item Plasma Card
![Key Item Poffin Case](./Items/Key Item Poffin Case.png),Key Item Poffin Case
![Key Item Point Card](./Items/Key Item Point Card.png),Key Item Point Card
![Key Item Poke Flute Gen3](./Items/Key Item Poke Flute Gen3.png),Key Item Poke Flute Gen3
![Key Item Poke Flute](./Items/Key Item Poke Flute.png),Key Item Poke Flute
![Key Item Poke Radar](./Items/Key Item Poke Radar.png),Key Item Poke Radar
![Key Item Pokeblock Case](./Items/Key Item Pokeblock Case.png),Key Item Pokeblock Case
![Key Item Pokeblock Kit](./Items/Key Item Pokeblock Kit.png),Key Item Pokeblock Kit
![Key Item Pokemon Box Link](./Items/Key Item Pokemon Box Link.png),Key Item Pokemon Box Link
![Key Item Powder Jar](./Items/Key Item Powder Jar.png),Key Item Powder Jar
![Key Item Power Plant Pass](./Items/Key Item Power Plant Pass.png),Key Item Power Plant Pass
![Key Item Prison Bottle](./Items/Key Item Prison Bottle.png),Key Item Prison Bottle
![Key Item Professors Mask](./Items/Key Item Professors Mask.png),Key Item Professors Mask
![Key Item Profs Letter](./Items/Key Item Profs Letter.png),Key Item Profs Letter
![Key Item Prop Case](./Items/Key Item Prop Case.png),Key Item Prop Case
![Key Item Rainbow Flower](./Items/Key Item Rainbow Flower.png),Key Item Rainbow Flower
![Key Item Rainbow Pass](./Items/Key Item Rainbow Pass.png),Key Item Rainbow Pass
![Key Item Rainbow Wing](./Items/Key Item Rainbow Wing.png),Key Item Rainbow Wing
![Key Item Red Chain](./Items/Key Item Red Chain.png),Key Item Red Chain
![Key Item Red Orb Gen3](./Items/Key Item Red Orb Gen3.png),Key Item Red Orb Gen3
![Key Item Red Orb Gen4](./Items/Key Item Red Orb Gen4.png),Key Item Red Orb Gen4
![Key Item Red Scale](./Items/Key Item Red Scale.png),Key Item Red Scale
![Key Item Reveal Glass](./Items/Key Item Reveal Glass.png),Key Item Reveal Glass
![Key Item Ride Pager](./Items/Key Item Ride Pager.png),Key Item Ride Pager
![Key Item Rm 1 Key](./Items/Key Item Rm 1 Key.png),Key Item Rm 1 Key
![Key Item Rm 2 Key](./Items/Key Item Rm 2 Key.png),Key Item Rm 2 Key
![Key Item Rm 4 Key](./Items/Key Item Rm 4 Key.png),Key Item Rm 4 Key
![Key Item Rm 6 Key](./Items/Key Item Rm 6 Key.png),Key Item Rm 6 Key
![Key Item Roller Skates](./Items/Key Item Roller Skates.png),Key Item Roller Skates
![Key Item Ruby](./Items/Key Item Ruby.png),Key Item Ruby
![Key Item Rule Book](./Items/Key Item Rule Book.png),Key Item Rule Book
![Key Item Sapphire](./Items/Key Item Sapphire.png),Key Item Sapphire
![Key Item Scanner](./Items/Key Item Scanner.png),Key Item Scanner
![Key Item Seal Bag](./Items/Key Item Seal Bag.png),Key Item Seal Bag
![Key Item Seal Case](./Items/Key Item Seal Case.png),Key Item Seal Case
![Key Item Secret Key Kanto](./Items/Key Item Secret Key Kanto.png),Key Item Secret Key Kanto
![Key Item Secret Key Sinnoh](./Items/Key Item Secret Key Sinnoh.png),Key Item Secret Key Sinnoh
![Key Item Secret Potion](./Items/Key Item Secret Potion.png),Key Item Secret Potion
![Key Item Shiny Charm](./Items/Key Item Shiny Charm.png),Key Item Shiny Charm
![Key Item Silph Scope Gen3](./Items/Key Item Silph Scope Gen3.png),Key Item Silph Scope Gen3
![Key Item Silph Scope](./Items/Key Item Silph Scope.png),Key Item Silph Scope
![Key Item Silver Wing](./Items/Key Item Silver Wing.png),Key Item Silver Wing
![Key Item Soot Sack](./Items/Key Item Soot Sack.png),Key Item Soot Sack
![Key Item Sparkling Stone Sm](./Items/Key Item Sparkling Stone Sm.png),Key Item Sparkling Stone Sm
![Key Item Sparkling Stone](./Items/Key Item Sparkling Stone.png),Key Item Sparkling Stone
![Key Item Sprayduck](./Items/Key Item Sprayduck.png),Key Item Sprayduck
![Key Item Sprinklotad](./Items/Key Item Sprinklotad.png),Key Item Sprinklotad
![Key Item Squirt Bottle](./Items/Key Item Squirt Bottle.png),Key Item Squirt Bottle
![Key Item Ss Ticket](./Items/Key Item Ss Ticket.png),Key Item Ss Ticket
![Key Item Storage Key Galactic Warehouse](./Items/Key Item Storage Key Galactic Warehouse.png),Key Item Storage Key Galactic Warehouse
![Key Item Storage Key Sea Mauville](./Items/Key Item Storage Key Sea Mauville.png),Key Item Storage Key Sea Mauville
![Key Item Storage Key](./Items/Key Item Storage Key.png),Key Item Storage Key
![Key Item Suite Key](./Items/Key Item Suite Key.png),Key Item Suite Key
![Key Item Sun Flute](./Items/Key Item Sun Flute.png),Key Item Sun Flute
![Key Item Super Rod](./Items/Key Item Super Rod.png),Key Item Super Rod
![Key Item Surge Badge](./Items/Key Item Surge Badge.png),Key Item Surge Badge
![Key Item Tea Gen3](./Items/Key Item Tea Gen3.png),Key Item Tea Gen3
![Key Item Tea](./Items/Key Item Tea.png),Key Item Tea
![Key Item Teachy Tv](./Items/Key Item Teachy Tv.png),Key Item Teachy Tv
![Key Item Tidal Bell](./Items/Key Item Tidal Bell.png),Key Item Tidal Bell
![Key Item Tm Case](./Items/Key Item Tm Case.png),Key Item Tm Case
![Key Item Tmv Pass](./Items/Key Item Tmv Pass.png),Key Item Tmv Pass
![Key Item Town Map Gen3](./Items/Key Item Town Map Gen3.png),Key Item Town Map Gen3
![Key Item Town Map Gen4](./Items/Key Item Town Map Gen4.png),Key Item Town Map Gen4
![Key Item Town Map](./Items/Key Item Town Map.png),Key Item Town Map
![Key Item Travel Trunk Gold](./Items/Key Item Travel Trunk Gold.png),Key Item Travel Trunk Gold
![Key Item Travel Trunk Silver](./Items/Key Item Travel Trunk Silver.png),Key Item Travel Trunk Silver
![Key Item Travel Trunk](./Items/Key Item Travel Trunk.png),Key Item Travel Trunk
![Key Item Tri Pass](./Items/Key Item Tri Pass.png),Key Item Tri Pass
![Key Item Unown Report](./Items/Key Item Unown Report.png),Key Item Unown Report
![Key Item Vs Recorder](./Items/Key Item Vs Recorder.png),Key Item Vs Recorder
![Key Item Vs Seeker](./Items/Key Item Vs Seeker.png),Key Item Vs Seeker
![Key Item Wailmer Pail](./Items/Key Item Wailmer Pail.png),Key Item Wailmer Pail
![Key Item Wishing Chip](./Items/Key Item Wishing Chip.png),Key Item Wishing Chip
![Key Item Works Key](./Items/Key Item Works Key.png),Key Item Works Key
![Key Item Xtransceiver Blue](./Items/Key Item Xtransceiver Blue.png),Key Item Xtransceiver Blue
![Key Item Xtransceiver Red](./Items/Key Item Xtransceiver Red.png),Key Item Xtransceiver Red
![Key Item Xtransceiver Yellow](./Items/Key Item Xtransceiver Yellow.png),Key Item Xtransceiver Yellow
![Key Item Xtransceiver](./Items/Key Item Xtransceiver.png),Key Item Xtransceiver
![Key Item Z Power Ring](./Items/Key Item Z Power Ring.png),Key Item Z Power Ring
![Key Item Z Ring](./Items/Key Item Z Ring.png),Key Item Z Ring
![Key Item Zygarde Cube](./Items/Key Item Zygarde Cube.png),Key Item Zygarde Cube
![Mail Air Mail](./Items/Mail Air Mail.png),Mail Air Mail
![Mail Bead Mail](./Items/Mail Bead Mail.png),Mail Bead Mail
![Mail Bloom Mail](./Items/Mail Bloom Mail.png),Mail Bloom Mail
![Mail Brick Mail](./Items/Mail Brick Mail.png),Mail Brick Mail
![Mail Bridge Mail D](./Items/Mail Bridge Mail D.png),Mail Bridge Mail D
![Mail Bridge Mail M](./Items/Mail Bridge Mail M.png),Mail Bridge Mail M
![Mail Bridge Mail S](./Items/Mail Bridge Mail S.png),Mail Bridge Mail S
![Mail Bridge Mail T](./Items/Mail Bridge Mail T.png),Mail Bridge Mail T
![Mail Bridge Mail V](./Items/Mail Bridge Mail V.png),Mail Bridge Mail V
![Mail Bubble Mail](./Items/Mail Bubble Mail.png),Mail Bubble Mail
![Mail Dream Mail](./Items/Mail Dream Mail.png),Mail Dream Mail
![Mail Fab Mail](./Items/Mail Fab Mail.png),Mail Fab Mail
![Mail Favored Mail](./Items/Mail Favored Mail.png),Mail Favored Mail
![Mail Flame Mail](./Items/Mail Flame Mail.png),Mail Flame Mail
![Mail Glitter Mail](./Items/Mail Glitter Mail.png),Mail Glitter Mail
![Mail Grass Mail](./Items/Mail Grass Mail.png),Mail Grass Mail
![Mail Greet Mail](./Items/Mail Greet Mail.png),Mail Greet Mail
![Mail Harbor Mail](./Items/Mail Harbor Mail.png),Mail Harbor Mail
![Mail Heart Mail](./Items/Mail Heart Mail.png),Mail Heart Mail
![Mail Inquiry Mail](./Items/Mail Inquiry Mail.png),Mail Inquiry Mail
![Mail Like Mail](./Items/Mail Like Mail.png),Mail Like Mail
![Mail Mech Mail](./Items/Mail Mech Mail.png),Mail Mech Mail
![Mail Mosaic Mail](./Items/Mail Mosaic Mail.png),Mail Mosaic Mail
![Mail Orange Mail](./Items/Mail Orange Mail.png),Mail Orange Mail
![Mail Reply Mail](./Items/Mail Reply Mail.png),Mail Reply Mail
![Mail Retro Mail](./Items/Mail Retro Mail.png),Mail Retro Mail
![Mail Rsvp Mail](./Items/Mail Rsvp Mail.png),Mail Rsvp Mail
![Mail Shadow Mail](./Items/Mail Shadow Mail.png),Mail Shadow Mail
![Mail Snow Mail](./Items/Mail Snow Mail.png),Mail Snow Mail
![Mail Space Mail](./Items/Mail Space Mail.png),Mail Space Mail
![Mail Steel Mail](./Items/Mail Steel Mail.png),Mail Steel Mail
![Mail Thanks Mail](./Items/Mail Thanks Mail.png),Mail Thanks Mail
![Mail Tropic Mail](./Items/Mail Tropic Mail.png),Mail Tropic Mail
![Mail Tunnel Mail](./Items/Mail Tunnel Mail.png),Mail Tunnel Mail
![Mail Wave Mail](./Items/Mail Wave Mail.png),Mail Wave Mail
![Mail Wood Mail](./Items/Mail Wood Mail.png),Mail Wood Mail
![Medicine Ability Capsule](./Items/Medicine Ability Capsule.png),Medicine Ability Capsule
![Medicine Antidote](./Items/Medicine Antidote.png),Medicine Antidote
![Medicine Awakening](./Items/Medicine Awakening.png),Medicine Awakening
![Medicine Berry Juice](./Items/Medicine Berry Juice.png),Medicine Berry Juice
![Medicine Big Malasada](./Items/Medicine Big Malasada.png),Medicine Big Malasada
![Medicine Burn Heal](./Items/Medicine Burn Heal.png),Medicine Burn Heal
![Medicine Calcium](./Items/Medicine Calcium.png),Medicine Calcium
![Medicine Carbos](./Items/Medicine Carbos.png),Medicine Carbos
![Medicine Casteliacone](./Items/Medicine Casteliacone.png),Medicine Casteliacone
![Medicine Clever Wing](./Items/Medicine Clever Wing.png),Medicine Clever Wing
![Medicine Elixir](./Items/Medicine Elixir.png),Medicine Elixir
![Medicine Energy Powder](./Items/Medicine Energy Powder.png),Medicine Energy Powder
![Medicine Energy Root](./Items/Medicine Energy Root.png),Medicine Energy Root
![Medicine Ether](./Items/Medicine Ether.png),Medicine Ether
![Medicine Fresh Water](./Items/Medicine Fresh Water.png),Medicine Fresh Water
![Medicine Full Heal](./Items/Medicine Full Heal.png),Medicine Full Heal
![Medicine Full Restore](./Items/Medicine Full Restore.png),Medicine Full Restore
![Medicine Genius Wing](./Items/Medicine Genius Wing.png),Medicine Genius Wing
![Medicine Heal Powder](./Items/Medicine Heal Powder.png),Medicine Heal Powder
![Medicine Health Wing](./Items/Medicine Health Wing.png),Medicine Health Wing
![Medicine Hp Up](./Items/Medicine Hp Up.png),Medicine Hp Up
![Medicine Hyper Potion](./Items/Medicine Hyper Potion.png),Medicine Hyper Potion
![Medicine Ice Heal](./Items/Medicine Ice Heal.png),Medicine Ice Heal
![Medicine Iron](./Items/Medicine Iron.png),Medicine Iron
![Medicine Lava Cookie](./Items/Medicine Lava Cookie.png),Medicine Lava Cookie
![Medicine Lemonade](./Items/Medicine Lemonade.png),Medicine Lemonade
![Medicine Lumiose Galette](./Items/Medicine Lumiose Galette.png),Medicine Lumiose Galette
![Medicine Max Elixir](./Items/Medicine Max Elixir.png),Medicine Max Elixir
![Medicine Max Ether](./Items/Medicine Max Ether.png),Medicine Max Ether
![Medicine Max Potion](./Items/Medicine Max Potion.png),Medicine Max Potion
![Medicine Max Revive](./Items/Medicine Max Revive.png),Medicine Max Revive
![Medicine Moomoo Milk](./Items/Medicine Moomoo Milk.png),Medicine Moomoo Milk
![Medicine Muscle Wing](./Items/Medicine Muscle Wing.png),Medicine Muscle Wing
![Medicine Old Gateau](./Items/Medicine Old Gateau.png),Medicine Old Gateau
![Medicine Paralyze Heal](./Items/Medicine Paralyze Heal.png),Medicine Paralyze Heal
![Medicine Pewter Crunchies](./Items/Medicine Pewter Crunchies.png),Medicine Pewter Crunchies
![Medicine Potion](./Items/Medicine Potion.png),Medicine Potion
![Medicine Pp Max](./Items/Medicine Pp Max.png),Medicine Pp Max
![Medicine Pp Up](./Items/Medicine Pp Up.png),Medicine Pp Up
![Medicine Protein](./Items/Medicine Protein.png),Medicine Protein
![Medicine Rage Candy Bar](./Items/Medicine Rage Candy Bar.png),Medicine Rage Candy Bar
![Medicine Rare Candy](./Items/Medicine Rare Candy.png),Medicine Rare Candy
![Medicine Resist Wing](./Items/Medicine Resist Wing.png),Medicine Resist Wing
![Medicine Revival Herb](./Items/Medicine Revival Herb.png),Medicine Revival Herb
![Medicine Revive](./Items/Medicine Revive.png),Medicine Revive
![Medicine Sacred Ash](./Items/Medicine Sacred Ash.png),Medicine Sacred Ash
![Medicine Shalour Sable](./Items/Medicine Shalour Sable.png),Medicine Shalour Sable
![Medicine Soda Pop](./Items/Medicine Soda Pop.png),Medicine Soda Pop
![Medicine Super Potion](./Items/Medicine Super Potion.png),Medicine Super Potion
![Medicine Sweet Heart](./Items/Medicine Sweet Heart.png),Medicine Sweet Heart
![Medicine Swift Wing](./Items/Medicine Swift Wing.png),Medicine Swift Wing
![Medicine Zinc](./Items/Medicine Zinc.png),Medicine Zinc
![Mega Stone Abomasite](./Items/Mega Stone Abomasite.png),Mega Stone Abomasite
![Mega Stone Absolite](./Items/Mega Stone Absolite.png),Mega Stone Absolite
![Mega Stone Aerodactylite](./Items/Mega Stone Aerodactylite.png),Mega Stone Aerodactylite
![Mega Stone Aggronite](./Items/Mega Stone Aggronite.png),Mega Stone Aggronite
![Mega Stone Alakazite](./Items/Mega Stone Alakazite.png),Mega Stone Alakazite
![Mega Stone Altarianite](./Items/Mega Stone Altarianite.png),Mega Stone Altarianite
![Mega Stone Ampharosite](./Items/Mega Stone Ampharosite.png),Mega Stone Ampharosite
![Mega Stone Audinite](./Items/Mega Stone Audinite.png),Mega Stone Audinite
![Mega Stone Banettite](./Items/Mega Stone Banettite.png),Mega Stone Banettite
![Mega Stone Beedrillite](./Items/Mega Stone Beedrillite.png),Mega Stone Beedrillite
![Mega Stone Blastoisinite](./Items/Mega Stone Blastoisinite.png),Mega Stone Blastoisinite
![Mega Stone Blazikenite](./Items/Mega Stone Blazikenite.png),Mega Stone Blazikenite
![Mega Stone Cameruptite](./Items/Mega Stone Cameruptite.png),Mega Stone Cameruptite
![Mega Stone Charizardite X](./Items/Mega Stone Charizardite X.png),Mega Stone Charizardite X
![Mega Stone Charizardite Y](./Items/Mega Stone Charizardite Y.png),Mega Stone Charizardite Y
![Mega Stone Diancite](./Items/Mega Stone Diancite.png),Mega Stone Diancite
![Mega Stone Galladite](./Items/Mega Stone Galladite.png),Mega Stone Galladite
![Mega Stone Garchompite](./Items/Mega Stone Garchompite.png),Mega Stone Garchompite
![Mega Stone Gardevoirite](./Items/Mega Stone Gardevoirite.png),Mega Stone Gardevoirite
![Mega Stone Gengarite](./Items/Mega Stone Gengarite.png),Mega Stone Gengarite
![Mega Stone Glalitite](./Items/Mega Stone Glalitite.png),Mega Stone Glalitite
![Mega Stone Gyaradosite](./Items/Mega Stone Gyaradosite.png),Mega Stone Gyaradosite
![Mega Stone Heracronite](./Items/Mega Stone Heracronite.png),Mega Stone Heracronite
![Mega Stone Houndoominite](./Items/Mega Stone Houndoominite.png),Mega Stone Houndoominite
![Mega Stone Kangaskhanite](./Items/Mega Stone Kangaskhanite.png),Mega Stone Kangaskhanite
![Mega Stone Latiasite](./Items/Mega Stone Latiasite.png),Mega Stone Latiasite
![Mega Stone Latiosite](./Items/Mega Stone Latiosite.png),Mega Stone Latiosite
![Mega Stone Lopunnite](./Items/Mega Stone Lopunnite.png),Mega Stone Lopunnite
![Mega Stone Lucarionite](./Items/Mega Stone Lucarionite.png),Mega Stone Lucarionite
![Mega Stone Manectite](./Items/Mega Stone Manectite.png),Mega Stone Manectite
![Mega Stone Mawilite](./Items/Mega Stone Mawilite.png),Mega Stone Mawilite
![Mega Stone Medichamite](./Items/Mega Stone Medichamite.png),Mega Stone Medichamite
![Mega Stone Metagrossite](./Items/Mega Stone Metagrossite.png),Mega Stone Metagrossite
![Mega Stone Mewtwonite X](./Items/Mega Stone Mewtwonite X.png),Mega Stone Mewtwonite X
![Mega Stone Mewtwonite Y](./Items/Mega Stone Mewtwonite Y.png),Mega Stone Mewtwonite Y
![Mega Stone Pidgeotite](./Items/Mega Stone Pidgeotite.png),Mega Stone Pidgeotite
![Mega Stone Pinsirite](./Items/Mega Stone Pinsirite.png),Mega Stone Pinsirite
![Mega Stone Sablenite](./Items/Mega Stone Sablenite.png),Mega Stone Sablenite
![Mega Stone Salamencite](./Items/Mega Stone Salamencite.png),Mega Stone Salamencite
![Mega Stone Sceptilite](./Items/Mega Stone Sceptilite.png),Mega Stone Sceptilite
![Mega Stone Scizorite](./Items/Mega Stone Scizorite.png),Mega Stone Scizorite
![Mega Stone Sharpedonite](./Items/Mega Stone Sharpedonite.png),Mega Stone Sharpedonite
![Mega Stone Slowbronite](./Items/Mega Stone Slowbronite.png),Mega Stone Slowbronite
![Mega Stone Steelixite](./Items/Mega Stone Steelixite.png),Mega Stone Steelixite
![Mega Stone Swampertite](./Items/Mega Stone Swampertite.png),Mega Stone Swampertite
![Mega Stone Tyranitarite](./Items/Mega Stone Tyranitarite.png),Mega Stone Tyranitarite
![Mega Stone Venusaurite](./Items/Mega Stone Venusaurite.png),Mega Stone Venusaurite
![Memory Bug](./Items/Memory Bug.png),Memory Bug
![Memory Dark](./Items/Memory Dark.png),Memory Dark
![Memory Dragon](./Items/Memory Dragon.png),Memory Dragon
![Memory Electric](./Items/Memory Electric.png),Memory Electric
![Memory Fairy](./Items/Memory Fairy.png),Memory Fairy
![Memory Fighting](./Items/Memory Fighting.png),Memory Fighting
![Memory Fire](./Items/Memory Fire.png),Memory Fire
![Memory Flying](./Items/Memory Flying.png),Memory Flying
![Memory Ghost](./Items/Memory Ghost.png),Memory Ghost
![Memory Grass](./Items/Memory Grass.png),Memory Grass
![Memory Ground](./Items/Memory Ground.png),Memory Ground
![Memory Ice](./Items/Memory Ice.png),Memory Ice
![Memory Poison](./Items/Memory Poison.png),Memory Poison
![Memory Psychic](./Items/Memory Psychic.png),Memory Psychic
![Memory Rock](./Items/Memory Rock.png),Memory Rock
![Memory Steel](./Items/Memory Steel.png),Memory Steel
![Memory Water](./Items/Memory Water.png),Memory Water
![Mulch Amaze](./Items/Mulch Amaze.png),Mulch Amaze
![Mulch Boost](./Items/Mulch Boost.png),Mulch Boost
![Mulch Damp](./Items/Mulch Damp.png),Mulch Damp
![Mulch Gooey](./Items/Mulch Gooey.png),Mulch Gooey
![Mulch Growth](./Items/Mulch Growth.png),Mulch Growth
![Mulch Rich](./Items/Mulch Rich.png),Mulch Rich
![Mulch Stable](./Items/Mulch Stable.png),Mulch Stable
![Mulch Surprise](./Items/Mulch Surprise.png),Mulch Surprise
![Other Item Bottle Cap](./Items/Other Item Bottle Cap.png),Other Item Bottle Cap
![Other Item Discount Coupon](./Items/Other Item Discount Coupon.png),Other Item Discount Coupon
![Other Item Escape Rope](./Items/Other Item Escape Rope.png),Other Item Escape Rope
![Other Item Fluffy Tail](./Items/Other Item Fluffy Tail.png),Other Item Fluffy Tail
![Other Item Gold Bottle Cap](./Items/Other Item Gold Bottle Cap.png),Other Item Gold Bottle Cap
![Other Item Heart Scale](./Items/Other Item Heart Scale.png),Other Item Heart Scale
![Other Item Honey](./Items/Other Item Honey.png),Other Item Honey
![Other Item Lure](./Items/Other Item Lure.png),Other Item Lure
![Other Item Max Lure](./Items/Other Item Max Lure.png),Other Item Max Lure
![Other Item Max Repel](./Items/Other Item Max Repel.png),Other Item Max Repel
![Other Item Odd Keystone](./Items/Other Item Odd Keystone.png),Other Item Odd Keystone
![Other Item Pass Orb](./Items/Other Item Pass Orb.png),Other Item Pass Orb
![Other Item Pink Nectar](./Items/Other Item Pink Nectar.png),Other Item Pink Nectar
![Other Item Poke Doll](./Items/Other Item Poke Doll.png),Other Item Poke Doll
![Other Item Poke Toy](./Items/Other Item Poke Toy.png),Other Item Poke Toy
![Other Item Purple Nectar](./Items/Other Item Purple Nectar.png),Other Item Purple Nectar
![Other Item Red Nectar](./Items/Other Item Red Nectar.png),Other Item Red Nectar
![Other Item Repel](./Items/Other Item Repel.png),Other Item Repel
![Other Item Soothe Bell](./Items/Other Item Soothe Bell.png),Other Item Soothe Bell
![Other Item Strange Souvenir](./Items/Other Item Strange Souvenir.png),Other Item Strange Souvenir
![Other Item Super Lure](./Items/Other Item Super Lure.png),Other Item Super Lure
![Other Item Super Repel](./Items/Other Item Super Repel.png),Other Item Super Repel
![Other Item Yellow Nectar](./Items/Other Item Yellow Nectar.png),Other Item Yellow Nectar
![Partner Gift Beach Glass](./Items/Partner Gift Beach Glass.png),Partner Gift Beach Glass
![Partner Gift Chalky Stone](./Items/Partner Gift Chalky Stone.png),Partner Gift Chalky Stone
![Partner Gift Gold Leaf](./Items/Partner Gift Gold Leaf.png),Partner Gift Gold Leaf
![Partner Gift Leaf Letter Eevee](./Items/Partner Gift Leaf Letter Eevee.png),Partner Gift Leaf Letter Eevee
![Partner Gift Leaf Letter Pikachu](./Items/Partner Gift Leaf Letter Pikachu.png),Partner Gift Leaf Letter Pikachu
![Partner Gift Lone Earring](./Items/Partner Gift Lone Earring.png),Partner Gift Lone Earring
![Partner Gift Marble](./Items/Partner Gift Marble.png),Partner Gift Marble
![Partner Gift Polished Mud Ball](./Items/Partner Gift Polished Mud Ball.png),Partner Gift Polished Mud Ball
![Partner Gift Silver Leaf](./Items/Partner Gift Silver Leaf.png),Partner Gift Silver Leaf
![Partner Gift Small Bouquet](./Items/Partner Gift Small Bouquet.png),Partner Gift Small Bouquet
![Partner Gift Stretchy Spring](./Items/Partner Gift Stretchy Spring.png),Partner Gift Stretchy Spring
![Partner Gift Tropical Shell](./Items/Partner Gift Tropical Shell.png),Partner Gift Tropical Shell
![Petal Blue](./Items/Petal Blue.png),Petal Blue
![Petal Green](./Items/Petal Green.png),Petal Green
![Petal Orange](./Items/Petal Orange.png),Petal Orange
![Petal Pink](./Items/Petal Pink.png),Petal Pink
![Petal Purple](./Items/Petal Purple.png),Petal Purple
![Petal Red](./Items/Petal Red.png),Petal Red
![Petal Yellow](./Items/Petal Yellow.png),Petal Yellow
![Plate Draco](./Items/Plate Draco.png),Plate Draco
![Plate Dread](./Items/Plate Dread.png),Plate Dread
![Plate Earth](./Items/Plate Earth.png),Plate Earth
![Plate Fist](./Items/Plate Fist.png),Plate Fist
![Plate Flame](./Items/Plate Flame.png),Plate Flame
![Plate Icicle](./Items/Plate Icicle.png),Plate Icicle
![Plate Insect](./Items/Plate Insect.png),Plate Insect
![Plate Iron](./Items/Plate Iron.png),Plate Iron
![Plate Meadow](./Items/Plate Meadow.png),Plate Meadow
![Plate Mind](./Items/Plate Mind.png),Plate Mind
![Plate Pixie](./Items/Plate Pixie.png),Plate Pixie
![Plate Sky](./Items/Plate Sky.png),Plate Sky
![Plate Splash](./Items/Plate Splash.png),Plate Splash
![Plate Spooky](./Items/Plate Spooky.png),Plate Spooky
![Plate Stone](./Items/Plate Stone.png),Plate Stone
![Plate Toxic](./Items/Plate Toxic.png),Plate Toxic
![Plate Zap](./Items/Plate Zap.png),Plate Zap
![Poke Candy Black](./Items/Poke Candy Black.png),Poke Candy Black
![Poke Candy Blue](./Items/Poke Candy Blue.png),Poke Candy Blue
![Poke Candy Brown](./Items/Poke Candy Brown.png),Poke Candy Brown
![Poke Candy Gray](./Items/Poke Candy Gray.png),Poke Candy Gray
![Poke Candy Green](./Items/Poke Candy Green.png),Poke Candy Green
![Poke Candy Pink](./Items/Poke Candy Pink.png),Poke Candy Pink
![Poke Candy Purple](./Items/Poke Candy Purple.png),Poke Candy Purple
![Poke Candy Red](./Items/Poke Candy Red.png),Poke Candy Red
![Poke Candy White](./Items/Poke Candy White.png),Poke Candy White
![Poke Candy Yellow](./Items/Poke Candy Yellow.png),Poke Candy Yellow
![Roto Bargain](./Items/Roto Bargain.png),Roto Bargain
![Roto Boost](./Items/Roto Boost.png),Roto Boost
![Roto Catch](./Items/Roto Catch.png),Roto Catch
![Roto Encounter](./Items/Roto Encounter.png),Roto Encounter
![Roto Exp Points](./Items/Roto Exp Points.png),Roto Exp Points
![Roto Friendship](./Items/Roto Friendship.png),Roto Friendship
![Roto Hatch](./Items/Roto Hatch.png),Roto Hatch
![Roto Hp Restore](./Items/Roto Hp Restore.png),Roto Hp Restore
![Roto Pp Restore](./Items/Roto Pp Restore.png),Roto Pp Restore
![Roto Prize Money](./Items/Roto Prize Money.png),Roto Prize Money
![Roto Stealth](./Items/Roto Stealth.png),Roto Stealth
![Scarf Blue](./Items/Scarf Blue.png),Scarf Blue
![Scarf Green](./Items/Scarf Green.png),Scarf Green
![Scarf Pink](./Items/Scarf Pink.png),Scarf Pink
![Scarf Red](./Items/Scarf Red.png),Scarf Red
![Scarf Yellow](./Items/Scarf Yellow.png),Scarf Yellow
![Shard Blue](./Items/Shard Blue.png),Shard Blue
![Shard Green](./Items/Shard Green.png),Shard Green
![Shard Red](./Items/Shard Red.png),Shard Red
![Shard Yellow](./Items/Shard Yellow.png),Shard Yellow
![Tm Bug](./Items/Tm Bug.png),Tm Bug
![Tm Dark](./Items/Tm Dark.png),Tm Dark
![Tm Dragon](./Items/Tm Dragon.png),Tm Dragon
![Tm Electric](./Items/Tm Electric.png),Tm Electric
![Tm Fairy](./Items/Tm Fairy.png),Tm Fairy
![Tm Fighting](./Items/Tm Fighting.png),Tm Fighting
![Tm Fire](./Items/Tm Fire.png),Tm Fire
![Tm Flying](./Items/Tm Flying.png),Tm Flying
![Tm Ghost](./Items/Tm Ghost.png),Tm Ghost
![Tm Grass](./Items/Tm Grass.png),Tm Grass
![Tm Ground](./Items/Tm Ground.png),Tm Ground
![Tm Ice](./Items/Tm Ice.png),Tm Ice
![Tm Normal](./Items/Tm Normal.png),Tm Normal
![Tm Poison](./Items/Tm Poison.png),Tm Poison
![Tm Psychic](./Items/Tm Psychic.png),Tm Psychic
![Tm Rock](./Items/Tm Rock.png),Tm Rock
![Tm Steel](./Items/Tm Steel.png),Tm Steel
![Tm Water](./Items/Tm Water.png),Tm Water
![Treasure Balm Mushroom](./Items/Treasure Balm Mushroom.png),Treasure Balm Mushroom
![Treasure Big Mushroom](./Items/Treasure Big Mushroom.png),Treasure Big Mushroom
![Treasure Big Nugget](./Items/Treasure Big Nugget.png),Treasure Big Nugget
![Treasure Big Pearl](./Items/Treasure Big Pearl.png),Treasure Big Pearl
![Treasure Comet Shard](./Items/Treasure Comet Shard.png),Treasure Comet Shard
![Treasure Nugget](./Items/Treasure Nugget.png),Treasure Nugget
![Treasure Pearl String](./Items/Treasure Pearl String.png),Treasure Pearl String
![Treasure Pearl](./Items/Treasure Pearl.png),Treasure Pearl
![Treasure Pretty Wing](./Items/Treasure Pretty Wing.png),Treasure Pretty Wing
![Treasure Rare Bone](./Items/Treasure Rare Bone.png),Treasure Rare Bone
![Treasure Relic Band](./Items/Treasure Relic Band.png),Treasure Relic Band
![Treasure Relic Copper](./Items/Treasure Relic Copper.png),Treasure Relic Copper
![Treasure Relic Crown](./Items/Treasure Relic Crown.png),Treasure Relic Crown
![Treasure Relic Gold](./Items/Treasure Relic Gold.png),Treasure Relic Gold
![Treasure Relic Silver](./Items/Treasure Relic Silver.png),Treasure Relic Silver
![Treasure Relic Statue](./Items/Treasure Relic Statue.png),Treasure Relic Statue
![Treasure Relic Vase](./Items/Treasure Relic Vase.png),Treasure Relic Vase
![Treasure Shoal Salt](./Items/Treasure Shoal Salt.png),Treasure Shoal Salt
![Treasure Shoal Shell](./Items/Treasure Shoal Shell.png),Treasure Shoal Shell
![Treasure Slowpoke Tail](./Items/Treasure Slowpoke Tail.png),Treasure Slowpoke Tail
![Treasure Star Piece](./Items/Treasure Star Piece.png),Treasure Star Piece
![Treasure Stardust](./Items/Treasure Stardust.png),Treasure Stardust
![Treasure Tiny Mushroom](./Items/Treasure Tiny Mushroom.png),Treasure Tiny Mushroom
![Wonder Launcher Ability Urge](./Items/Wonder Launcher Ability Urge.png),Wonder Launcher Ability Urge
![Wonder Launcher Antidote](./Items/Wonder Launcher Antidote.png),Wonder Launcher Antidote
![Wonder Launcher Awakening](./Items/Wonder Launcher Awakening.png),Wonder Launcher Awakening
![Wonder Launcher Burn Heal](./Items/Wonder Launcher Burn Heal.png),Wonder Launcher Burn Heal
![Wonder Launcher Dire Hit 1](./Items/Wonder Launcher Dire Hit 1.png),Wonder Launcher Dire Hit 1
![Wonder Launcher Dire Hit 2](./Items/Wonder Launcher Dire Hit 2.png),Wonder Launcher Dire Hit 2
![Wonder Launcher Dire Hit 3](./Items/Wonder Launcher Dire Hit 3.png),Wonder Launcher Dire Hit 3
![Wonder Launcher Ether](./Items/Wonder Launcher Ether.png),Wonder Launcher Ether
![Wonder Launcher Full Heal](./Items/Wonder Launcher Full Heal.png),Wonder Launcher Full Heal
![Wonder Launcher Full Restore](./Items/Wonder Launcher Full Restore.png),Wonder Launcher Full Restore
![Wonder Launcher Guard Spec](./Items/Wonder Launcher Guard Spec.png),Wonder Launcher Guard Spec
![Wonder Launcher Hyper Potion](./Items/Wonder Launcher Hyper Potion.png),Wonder Launcher Hyper Potion
![Wonder Launcher Ice Heal](./Items/Wonder Launcher Ice Heal.png),Wonder Launcher Ice Heal
![Wonder Launcher Item Drop](./Items/Wonder Launcher Item Drop.png),Wonder Launcher Item Drop
![Wonder Launcher Item Urge](./Items/Wonder Launcher Item Urge.png),Wonder Launcher Item Urge
![Wonder Launcher Max Potion](./Items/Wonder Launcher Max Potion.png),Wonder Launcher Max Potion
![Wonder Launcher Max Revive](./Items/Wonder Launcher Max Revive.png),Wonder Launcher Max Revive
![Wonder Launcher Paralyze Heal](./Items/Wonder Launcher Paralyze Heal.png),Wonder Launcher Paralyze Heal
![Wonder Launcher Potion](./Items/Wonder Launcher Potion.png),Wonder Launcher Potion
![Wonder Launcher Reset Urge](./Items/Wonder Launcher Reset Urge.png),Wonder Launcher Reset Urge
![Wonder Launcher Revive](./Items/Wonder Launcher Revive.png),Wonder Launcher Revive
![Wonder Launcher Super Potion](./Items/Wonder Launcher Super Potion.png),Wonder Launcher Super Potion
![Wonder Launcher X Accuracy 1](./Items/Wonder Launcher X Accuracy 1.png),Wonder Launcher X Accuracy 1
![Wonder Launcher X Accuracy 2](./Items/Wonder Launcher X Accuracy 2.png),Wonder Launcher X Accuracy 2
![Wonder Launcher X Accuracy 3](./Items/Wonder Launcher X Accuracy 3.png),Wonder Launcher X Accuracy 3
![Wonder Launcher X Accuracy 6](./Items/Wonder Launcher X Accuracy 6.png),Wonder Launcher X Accuracy 6
![Wonder Launcher X Attack 1](./Items/Wonder Launcher X Attack 1.png),Wonder Launcher X Attack 1
![Wonder Launcher X Attack 2](./Items/Wonder Launcher X Attack 2.png),Wonder Launcher X Attack 2
![Wonder Launcher X Attack 3](./Items/Wonder Launcher X Attack 3.png),Wonder Launcher X Attack 3
![Wonder Launcher X Attack 6](./Items/Wonder Launcher X Attack 6.png),Wonder Launcher X Attack 6
![Wonder Launcher X Defense 1](./Items/Wonder Launcher X Defense 1.png),Wonder Launcher X Defense 1
![Wonder Launcher X Defense 2](./Items/Wonder Launcher X Defense 2.png),Wonder Launcher X Defense 2
![Wonder Launcher X Defense 3](./Items/Wonder Launcher X Defense 3.png),Wonder Launcher X Defense 3
![Wonder Launcher X Defense 6](./Items/Wonder Launcher X Defense 6.png),Wonder Launcher X Defense 6
![Wonder Launcher X Sp Atk 1](./Items/Wonder Launcher X Sp Atk 1.png),Wonder Launcher X Sp Atk 1
![Wonder Launcher X Sp Atk 2](./Items/Wonder Launcher X Sp Atk 2.png),Wonder Launcher X Sp Atk 2
![Wonder Launcher X Sp Atk 3](./Items/Wonder Launcher X Sp Atk 3.png),Wonder Launcher X Sp Atk 3
![Wonder Launcher X Sp Atk 6](./Items/Wonder Launcher X Sp Atk 6.png),Wonder Launcher X Sp Atk 6
![Wonder Launcher X Sp Def 1](./Items/Wonder Launcher X Sp Def 1.png),Wonder Launcher X Sp Def 1
![Wonder Launcher X Sp Def 2](./Items/Wonder Launcher X Sp Def 2.png),Wonder Launcher X Sp Def 2
![Wonder Launcher X Sp Def 3](./Items/Wonder Launcher X Sp Def 3.png),Wonder Launcher X Sp Def 3
![Wonder Launcher X Sp Def 6](./Items/Wonder Launcher X Sp Def 6.png),Wonder Launcher X Sp Def 6
![Wonder Launcher X Speed 1](./Items/Wonder Launcher X Speed 1.png),Wonder Launcher X Speed 1
![Wonder Launcher X Speed 2](./Items/Wonder Launcher X Speed 2.png),Wonder Launcher X Speed 2
![Wonder Launcher X Speed 3](./Items/Wonder Launcher X Speed 3.png),Wonder Launcher X Speed 3
![Wonder Launcher X Speed 6](./Items/Wonder Launcher X Speed 6.png),Wonder Launcher X Speed 6
![Z Crystal Aloraichium Z Bag](./Items/Z Crystal Aloraichium Z Bag.png),Z Crystal Aloraichium Z Bag
![Z Crystal Aloraichium Z Held](./Items/Z Crystal Aloraichium Z Held.png),Z Crystal Aloraichium Z Held
![Z Crystal Buginium Z Bag](./Items/Z Crystal Buginium Z Bag.png),Z Crystal Buginium Z Bag
![Z Crystal Buginium Z Held](./Items/Z Crystal Buginium Z Held.png),Z Crystal Buginium Z Held
![Z Crystal Darkinium Z Bag](./Items/Z Crystal Darkinium Z Bag.png),Z Crystal Darkinium Z Bag
![Z Crystal Darkinium Z Held](./Items/Z Crystal Darkinium Z Held.png),Z Crystal Darkinium Z Held
![Z Crystal Decidium Z Bag](./Items/Z Crystal Decidium Z Bag.png),Z Crystal Decidium Z Bag
![Z Crystal Decidium Z Held](./Items/Z Crystal Decidium Z Held.png),Z Crystal Decidium Z Held
![Z Crystal Dragonium Z Bag](./Items/Z Crystal Dragonium Z Bag.png),Z Crystal Dragonium Z Bag
![Z Crystal Dragonium Z Held](./Items/Z Crystal Dragonium Z Held.png),Z Crystal Dragonium Z Held
![Z Crystal Eevium Z Bag](./Items/Z Crystal Eevium Z Bag.png),Z Crystal Eevium Z Bag
![Z Crystal Eevium Z Held](./Items/Z Crystal Eevium Z Held.png),Z Crystal Eevium Z Held
![Z Crystal Electrium Z Bag](./Items/Z Crystal Electrium Z Bag.png),Z Crystal Electrium Z Bag
![Z Crystal Electrium Z Held](./Items/Z Crystal Electrium Z Held.png),Z Crystal Electrium Z Held
![Z Crystal Fairium Z Bag](./Items/Z Crystal Fairium Z Bag.png),Z Crystal Fairium Z Bag
![Z Crystal Fairium Z Held](./Items/Z Crystal Fairium Z Held.png),Z Crystal Fairium Z Held
![Z Crystal Fightinium Z Bag](./Items/Z Crystal Fightinium Z Bag.png),Z Crystal Fightinium Z Bag
![Z Crystal Fightinium Z Held](./Items/Z Crystal Fightinium Z Held.png),Z Crystal Fightinium Z Held
![Z Crystal Firium Z Bag](./Items/Z Crystal Firium Z Bag.png),Z Crystal Firium Z Bag
![Z Crystal Firium Z Held](./Items/Z Crystal Firium Z Held.png),Z Crystal Firium Z Held
![Z Crystal Flyinium Z Bag](./Items/Z Crystal Flyinium Z Bag.png),Z Crystal Flyinium Z Bag
![Z Crystal Flyinium Z Held](./Items/Z Crystal Flyinium Z Held.png),Z Crystal Flyinium Z Held
![Z Crystal Ghostium Z Bag](./Items/Z Crystal Ghostium Z Bag.png),Z Crystal Ghostium Z Bag
![Z Crystal Ghostium Z Held](./Items/Z Crystal Ghostium Z Held.png),Z Crystal Ghostium Z Held
![Z Crystal Grassium Z Bag](./Items/Z Crystal Grassium Z Bag.png),Z Crystal Grassium Z Bag
![Z Crystal Grassium Z Held](./Items/Z Crystal Grassium Z Held.png),Z Crystal Grassium Z Held
![Z Crystal Groundium Z Bag](./Items/Z Crystal Groundium Z Bag.png),Z Crystal Groundium Z Bag
![Z Crystal Groundium Z Held](./Items/Z Crystal Groundium Z Held.png),Z Crystal Groundium Z Held
![Z Crystal Icium Z Bag](./Items/Z Crystal Icium Z Bag.png),Z Crystal Icium Z Bag
![Z Crystal Icium Z Held](./Items/Z Crystal Icium Z Held.png),Z Crystal Icium Z Held
![Z Crystal Incinium Z Bag](./Items/Z Crystal Incinium Z Bag.png),Z Crystal Incinium Z Bag
![Z Crystal Incinium Z Held](./Items/Z Crystal Incinium Z Held.png),Z Crystal Incinium Z Held
![Z Crystal Kommonium Z Bag](./Items/Z Crystal Kommonium Z Bag.png),Z Crystal Kommonium Z Bag
![Z Crystal Kommonium Z Held](./Items/Z Crystal Kommonium Z Held.png),Z Crystal Kommonium Z Held
![Z Crystal Lunalium Z Bag](./Items/Z Crystal Lunalium Z Bag.png),Z Crystal Lunalium Z Bag
![Z Crystal Lunalium Z Held](./Items/Z Crystal Lunalium Z Held.png),Z Crystal Lunalium Z Held
![Z Crystal Lycanium Z Bag](./Items/Z Crystal Lycanium Z Bag.png),Z Crystal Lycanium Z Bag
![Z Crystal Lycanium Z Held](./Items/Z Crystal Lycanium Z Held.png),Z Crystal Lycanium Z Held
![Z Crystal Marshadium Z Bag](./Items/Z Crystal Marshadium Z Bag.png),Z Crystal Marshadium Z Bag
![Z Crystal Marshadium Z Held](./Items/Z Crystal Marshadium Z Held.png),Z Crystal Marshadium Z Held
![Z Crystal Mewnium Z Bag](./Items/Z Crystal Mewnium Z Bag.png),Z Crystal Mewnium Z Bag
![Z Crystal Mewnium Z Held](./Items/Z Crystal Mewnium Z Held.png),Z Crystal Mewnium Z Held
![Z Crystal Mimikium Z Bag](./Items/Z Crystal Mimikium Z Bag.png),Z Crystal Mimikium Z Bag
![Z Crystal Mimikium Z Held](./Items/Z Crystal Mimikium Z Held.png),Z Crystal Mimikium Z Held
![Z Crystal Normalium Z Bag](./Items/Z Crystal Normalium Z Bag.png),Z Crystal Normalium Z Bag
![Z Crystal Normalium Z Held](./Items/Z Crystal Normalium Z Held.png),Z Crystal Normalium Z Held
![Z Crystal Pikanium Z Bag](./Items/Z Crystal Pikanium Z Bag.png),Z Crystal Pikanium Z Bag
![Z Crystal Pikanium Z Held](./Items/Z Crystal Pikanium Z Held.png),Z Crystal Pikanium Z Held
![Z Crystal Pikashunium Z Bag](./Items/Z Crystal Pikashunium Z Bag.png),Z Crystal Pikashunium Z Bag
![Z Crystal Pikashunium Z Held](./Items/Z Crystal Pikashunium Z Held.png),Z Crystal Pikashunium Z Held
![Z Crystal Poisonium Z Bag](./Items/Z Crystal Poisonium Z Bag.png),Z Crystal Poisonium Z Bag
![Z Crystal Poisonium Z Held](./Items/Z Crystal Poisonium Z Held.png),Z Crystal Poisonium Z Held
![Z Crystal Primarium Z Bag](./Items/Z Crystal Primarium Z Bag.png),Z Crystal Primarium Z Bag
![Z Crystal Primarium Z Held](./Items/Z Crystal Primarium Z Held.png),Z Crystal Primarium Z Held
![Z Crystal Psychium Z Bag](./Items/Z Crystal Psychium Z Bag.png),Z Crystal Psychium Z Bag
![Z Crystal Psychium Z Held](./Items/Z Crystal Psychium Z Held.png),Z Crystal Psychium Z Held
![Z Crystal Rockium Z Bag](./Items/Z Crystal Rockium Z Bag.png),Z Crystal Rockium Z Bag
![Z Crystal Rockium Z Held](./Items/Z Crystal Rockium Z Held.png),Z Crystal Rockium Z Held
![Z Crystal Snorlium Z Bag](./Items/Z Crystal Snorlium Z Bag.png),Z Crystal Snorlium Z Bag
![Z Crystal Snorlium Z Held](./Items/Z Crystal Snorlium Z Held.png),Z Crystal Snorlium Z Held
![Z Crystal Solganium Z Bag](./Items/Z Crystal Solganium Z Bag.png),Z Crystal Solganium Z Bag
![Z Crystal Solganium Z Held](./Items/Z Crystal Solganium Z Held.png),Z Crystal Solganium Z Held
![Z Crystal Steelium Z Bag](./Items/Z Crystal Steelium Z Bag.png),Z Crystal Steelium Z Bag
![Z Crystal Steelium Z Held](./Items/Z Crystal Steelium Z Held.png),Z Crystal Steelium Z Held
![Z Crystal Tapunium Z Bag](./Items/Z Crystal Tapunium Z Bag.png),Z Crystal Tapunium Z Bag
![Z Crystal Tapunium Z Held](./Items/Z Crystal Tapunium Z Held.png),Z Crystal Tapunium Z Held
![Z Crystal Ultranecrozium Z Bag](./Items/Z Crystal Ultranecrozium Z Bag.png),Z Crystal Ultranecrozium Z Bag
![Z Crystal Ultranecrozium Z Held](./Items/Z Crystal Ultranecrozium Z Held.png),Z Crystal Ultranecrozium Z Held
![Z Crystal Waterium Z Bag](./Items/Z Crystal Waterium Z Bag.png),Z Crystal Waterium Z Bag
![Z Crystal Waterium Z Held](./Items/Z Crystal Waterium Z Held.png),Z Crystal Waterium Z Held
